{
  "ecs7": true,
  "runtimeVersion": "7",
  "display": {
    "title": "tes2",
    "description": "test2",
    "navmapThumbnail": "images/scene-thumbnail.png",
    "favicon": "favicon_asset"
  },
  "owner": "BuilderWorld",
  "contact": {
    "name": "Last Slice Collective",
    "email": "lastraum@lastslice.co"
  },
  "main": "bin/index.js",
  "tags": [],
  "scene": {
    "parcels": [
      "0,3"
    ],
    "base": "0,3"
  },
  "spawnPoints": [
    {
      "name": "spawn-0",
      "default": true,
      "position": {
        "x": 9,
        "y": 1,
        "z": 1
      }
    }
  ],
  "requiredPermissions": [
    "ALLOW_TO_MOVE_PLAYER_INSIDE_SCENE",
    "ALLOW_TO_TRIGGER_AVATAR_EMOTE"
  ],
  "featureToggles": {}
}